# Round-2 evaluation sets (code_plan_2 §3.3, §6; DECISION D3, D4). One line per (set, condition). Fields separated by '|':
#   SET | TAG (= result dir name $RES/<model run>/<TAG>) | STEPS | SEED | extra generate_confs.py args ($VARS expanded)
# Oracle rule (SHORTLIST endpoints): any condition built from test-set GT L ends in _ORACLE.
# All seed-pickle conditions use --seed_confs_cycle (F3). Pickles: tools/make_l_seed_pickles.py -> $QM9_SEEDS2.
# --- S1: the 9 shared conditions (models CB, B1, CR and every round-2 trained arm)
S1   | S1_etkdg2L                 | 20 | 0 | --seed_confs $QM9_SEEDS2/L_etkdg2L.pkl --seed_confs_cycle
S1   | S1_etkdg2L_mmff            | 20 | 0 | --seed_confs $QM9_SEEDS2/L_etkdg2L_mmff.pkl --seed_confs_cycle
S1   | S1_noise0.01pa_cyc_ORACLE  | 20 | 0 | --seed_confs $QM9_SEEDS2/L_noise0.01pa_cyc_ORACLE.pkl --seed_confs_cycle
S1   | S1_noise0.02pa_cyc_ORACLE  | 20 | 0 | --seed_confs $QM9_SEEDS2/L_noise0.02pa_cyc_ORACLE.pkl --seed_confs_cycle
S1   | S1_noise0.04pa_cyc_ORACLE  | 20 | 0 | --seed_confs $QM9_SEEDS2/L_noise0.04pa_cyc_ORACLE.pkl --seed_confs_cycle
S1   | S1_lam0.00_cyc_ORACLE      | 20 | 0 | --seed_confs $QM9_SEEDS2/L_lam0.00_cyc_ORACLE.pkl --seed_confs_cycle
S1   | S1_lam0.25_cyc_ORACLE      | 20 | 0 | --seed_confs $QM9_SEEDS2/L_lam0.25_cyc_ORACLE.pkl --seed_confs_cycle
S1   | S1_lam0.50_cyc_ORACLE      | 20 | 0 | --seed_confs $QM9_SEEDS2/L_lam0.50_cyc_ORACLE.pkl --seed_confs_cycle
S1   | S1_lam0.75_cyc_ORACLE      | 20 | 0 | --seed_confs $QM9_SEEDS2/L_lam0.75_cyc_ORACLE.pkl --seed_confs_cycle
# --- S1.5 ring / acyclic oracles (CB, B1; CR only if packing passed: D3)
S1A5 | S1_A5ring_cyc_ORACLE       | 20 | 0 | --seed_confs $QM9_SEEDS2/L_A5ring_cyc_ORACLE.pkl --seed_confs_cycle
S1A5 | S1_A5acyc_cyc_ORACLE       | 20 | 0 | --seed_confs $QM9_SEEDS2/L_A5acyc_cyc_ORACLE.pkl --seed_confs_cycle
# --- CTRL_rematch extras: gtLcycle (GT-end F4 control + V18 anchor; vote_1 P2-a), lambda = 1.00 pipeline check (V18),
#     --pre_mmff on the SMILES path (S5 control)
S1CR | steps20_seed0_gtLcycle     | 20 | 0 | --seed_confs $QM9_GT_SEED_CONFS --seed_confs_cycle
S1CR | S1_lam1.00_cyc_ORACLE      | 20 | 0 | --seed_confs $QM9_SEEDS2/L_lam1.00_cyc_ORACLE.pkl --seed_confs_cycle
S1CR | S5ctrl_pre_mmff            | 20 | 0 | --pre_mmff
# V18 on B1 s0 too (its gtLcycle run exists from round 1)
V18  | S1_lam1.00_cyc_ORACLE      | 20 | 0 | --seed_confs $QM9_SEEDS2/L_lam1.00_cyc_ORACLE.pkl --seed_confs_cycle
# --- S4 (lambda-conditioned): lambda 0 on RDKit-type L, descriptive lambda grid on MMFF, lambda_in = lambda_build
S4   | S4_etkdg2L_l0              | 20 | 0 | --l_level 0 --seed_confs $QM9_SEEDS2/L_etkdg2L.pkl --seed_confs_cycle
S4   | S4_etkdg2L_mmff_l0         | 20 | 0 | --l_level 0 --seed_confs $QM9_SEEDS2/L_etkdg2L_mmff.pkl --seed_confs_cycle
S4   | S4_etkdg2L_mmff_l0.25      | 20 | 0 | --l_level 0.25 --seed_confs $QM9_SEEDS2/L_etkdg2L_mmff.pkl --seed_confs_cycle
S4   | S4_etkdg2L_mmff_l0.50      | 20 | 0 | --l_level 0.5 --seed_confs $QM9_SEEDS2/L_etkdg2L_mmff.pkl --seed_confs_cycle
S4   | S4_lam0.00_l0.00_cyc_ORACLE | 20 | 0 | --l_level 0 --seed_confs $QM9_SEEDS2/L_lam0.00_cyc_ORACLE.pkl --seed_confs_cycle
S4   | S4_lam0.25_l0.25_cyc_ORACLE | 20 | 0 | --l_level 0.25 --seed_confs $QM9_SEEDS2/L_lam0.25_cyc_ORACLE.pkl --seed_confs_cycle
S4   | S4_lam0.50_l0.50_cyc_ORACLE | 20 | 0 | --l_level 0.5 --seed_confs $QM9_SEEDS2/L_lam0.50_cyc_ORACLE.pkl --seed_confs_cycle
S4   | S4_lam0.75_l0.75_cyc_ORACLE | 20 | 0 | --l_level 0.75 --seed_confs $QM9_SEEDS2/L_lam0.75_cyc_ORACLE.pkl --seed_confs_cycle
# --- S5: B3 without --pre_mmff (train-only cell); B3 with --pre_mmff is its in-job default eval
S5   | S5_nommff                  | 20 | 0 |
# --- S6 sampler checks on the released model (3 sampling seeds) and on B1 s0 with gtLcycle (descriptive, D8 trims first)
S6   | C_steps10                  | 10 | 0 |
S6   | C_steps10_seed1            | 10 | 1 |
S6   | C_steps10_seed2            | 10 | 2 |
S6   | C_steps50                  | 50 | 0 |
S6   | C_steps50_seed1            | 50 | 1 |
S6   | C_steps50_seed2            | 50 | 2 |
S6   | E_inf_sigmin_0.005pi       | 20 | 0 | --sigma_min_inf 0.0157
S6   | E_inf_sigmin_0.005pi_seed1 | 20 | 1 | --sigma_min_inf 0.0157
S6   | E_inf_sigmin_0.005pi_seed2 | 20 | 2 | --sigma_min_inf 0.0157
S6   | D_ode_steps20              | 20 | 0 | --ode
S6   | D_ode_steps20_seed1        | 20 | 1 | --ode
S6   | D_ode_steps20_seed2        | 20 | 2 | --ode
S6B1 | S6_steps10_gtLc_ORACLE     | 10 | 0 | --seed_confs $QM9_GT_SEED_CONFS --seed_confs_cycle
S6B1 | S6_steps50_gtLc_ORACLE     | 50 | 0 | --seed_confs $QM9_GT_SEED_CONFS --seed_confs_cycle
S6B1 | S6_sigmin0.005pi_gtLc_ORACLE | 20 | 0 | --sigma_min_inf 0.0157 --seed_confs $QM9_GT_SEED_CONFS --seed_confs_cycle
S6B1 | S6_ode_gtLc_ORACLE         | 20 | 0 | --ode --seed_confs $QM9_GT_SEED_CONFS --seed_confs_cycle
# --- S0 leak-test null (no model, random torsions, cycle; verify_B §4 R2-0(e))
S0   | A1c_gtL_cycle_random_tors  | 20 | 0 | --seed_confs $QM9_GT_SEED_CONFS --seed_confs_cycle --no_model
# --- D4 packing reproduction test (released model; must reproduce the round-1 SUMMARY lines exactly)
D4   | R0_base_seed0              | 20 | 0 |
D4   | A1c_gtL_cycle_model        | 20 | 0 | --seed_confs $QM9_GT_SEED_CONFS --seed_confs_cycle
D4   | A2_pre_mmff                | 20 | 0 | --pre_mmff
